{"rmse": 0.7455813830127764, "r2": 0.5757877060324508, "dataset_size": 20640}